key,id
Hammer,1
Baseball Bat,2
Crowbar,3
Knuckle Dusters,4
Pen Knife,5
Kitchen Knife,6
Dagger,7
Axe,8
Scimitar,9
Chainsaw,10
Samurai Sword,11
Glock 17,12
Raven MP25,13
Ruger 57,14
Beretta M9,15
USP,16
Beretta 92FS,17
Fiveseven,18
Magnum,19
Desert Eagle,20
Dual 92G Berettas,21
Sawed-Off Shotgun,22
Benelli M1 Tactical,23
MP5 Navy,24
P90,25
AK-47,26
M4A1 Colt Carbine,27
Benelli M4 Super,28
M16 A2 Rifle,29
Steyr AUG,30
M249 SAW,31
Leather Vest,32
Police Vest,33
Bulletproof Vest,34
Box of Chocolate Bars,35
Big Box of Chocolate Bars,36
Bag of Bon Bons,37
Box of Bon Bons,38
Box of Extra Strong Mints,39
Pack of Music CDs,40
DVD Player,41
MP3 Player,42
CD Player,43
Blank DVDs : 100,44
Hard Drive,45
Tank Top,46
Trainers,47
Jacket,48
Full Body Armor,49
Outer Tactical Vest,50
Plain Silver Ring,51
Sapphire Ring,52
Gold Ring,53
Diamond Ring,54
Pearl Necklace,55
Silver Necklace,56
Gold Necklace,57
Plastic Watch,58
Stainless Steel Watch,59
Gold Watch,60
Personal Computer,61
Microwave,62
Minigun,63
Pack of Cuban Cigars,64
Television,65
Morphine,66
First Aid Kit,67
Small First Aid Kit,68
Simple Virus,69
Polymorphic Virus,70
Tunneling Virus,71
Armored Virus,72
Stealth Virus,73
Santa Hat '04,74
Christmas Cracker '04,75
Snow Cannon,76
Tabata RM2,77
Edomondo NSX,78
Echo Quadrato,79
Bavaria M5,80
Bavaria Z8,81
Chevalier CZ06,82
Dart Rampager,83
Knight Firebrand,84
Volt GT,85
Invader H3,86
Echo S4,87
Edomondo IR,88
Edomondo ACD,89
Edomondo Localé,90
Verpestung Insecta,91
Chevalier CVR,92
Volt MNG,93
Trident,94
Oceania SS,95
Coat Hanger,96
Bunch of Flowers,97
Neutrilux 2000,98
Springfield 1911,99
Egg Propelled Launcher,100
Bunny Suit,101
Chocolate Egg '05,102
Firewalk Virus,103
Game Console,104
Xbox,105
Parachute,106
Trench Coat,107
9mm Uzi,108
RPG Launcher,109
Leather Bullwhip,110
Ninja Claws,111
Test Trophy,112
Pet Rock,113
Non-Anon Doll,114
Poker Doll,115
Yoda Figurine,116
Trojan Horse,117
Doll's Head,118
Rubber Ducky of Doom,119
Teppic Bear,120
RockerHead Doll,121
Mouser Doll,122
Elite Action Man,123
Toy Reactor,124
Royal Doll,125
Blue Dragon,126
China Tea Set,127
Mufasa Toy,128
Dozen Roses,129
Skanky Doll,130
Lego Hurin,131
Mystical Sphere,132
10 Ton Pacifier,133
Horse Toy,134
Uriel's Speakers,135
Strife Clown,136
Locked Teddy,137
Riddle's Bat,138
Soup Nazi Doll,139
Pouncer Doll,140
Spammer Doll,141
Cookie Jar,142
Vanity Mirror,143
Banana Phone,144
Xbox 360,145
Yasukuni Sword,146
Rusty Sword,147
Dance Toy,148
Lucky Dime,149
Crystal Carousel,150
Pixie Sticks,151
Ice Sculpture,152
Case of Whiskey,153
Laptop,154
Purple Frog,155
Hooorang's Key,156
Patriot Whip,157
Statue Of Aeolus,158
Bolt Cutters,159
Photographs,160
Black Unicorn,161
WarPaint Kit,162
Official Ninja Kit,163
Leukaemia Teddy Bear,164
Chocobo Flute,165
Annoying Man,166
Article on Crime,167
Unknown,168
Barbie Doll,169
Wand of Destruction,170
Jack-O-Lantern '05,171
Gasoline,172
Butterfly Knife,173
XM8 Rifle,174
Taser,175
Chain Mail,176
Cobra Derringer,177
Flak Jacket,178
Birthday Cake '05,179
Bottle of Beer,180
Bottle of Champagne,181
Soap on a Rope,182
Single Red Rose,183
Bunch of Black Roses,184
Bunch of Balloons '05,185
Sheep Plushie,186
Teddy Bear Plushie,187
Cracked Crystal Ball,188
S&W Revolver,189
C4 Explosive,190
Memory Locket,191
Rainbow Stud Earring,192
Hamster Toy,193
Snowflake '05,194
Christmas Tree '05,195
Cannabis,196
Ecstasy,197
Ketamine,198
LSD,199
Opium,200
PCP,201
Mr Torn Crown '07,202
Shrooms,203
Speed,204
Vicodin,205
Xanax,206
Ms Torn Crown '07,207
Box of Sweet Hearts,209
Bag of Chocolate Kisses,210
Crazy Cow,211
Legend's Urn,212
Dreamcatcher,213
Brutus Keychain,214
Kitten Plushie,215
Single White Rose,216
Claymore Sword,217
Crossbow,218
Enfield SA-80,219
Grenade,220
Stick Grenade,221
Flash Grenade,222
Jackhammer,223
Swiss Army Knife,224
Mag 7,225
Smoke Grenade,226
Spear,227
Vektor CR-21,228
Claymore Mine,229
Flare Gun,230
Heckler & Koch SL8,231
SIG 550,232
BT MP9,233
Chain Whip,234
Wooden Nunchaku,235
Kama,236
Kodachi,237
Sai,238
Ninja Star,239
Type 98 Anti Tank,240
Bushmaster Carbon 15,241
HEG,242
Taurus,243
Blowgun,244
Bo Staff,245
Fireworks,246
Katana,247
Qsz-92,248
SKS Carbine,249
Twin Tiger Hooks,250
Wushu Double Axes,251
Ithaca 37,252
Lorcin 380,253
S&W M29,254
Flamethrower,255
Tear Gas,256
Throwing Knife,257
Jaguar Plushie,258
Mayan Statue,259
Dahlia,260
Wolverine Plushie,261
Hockey Stick,262
Crocus,263
Orchid,264
Pele Charm,265
Nessie Plushie,266
Heather,267
Red Fox Plushie,268
Monkey Plushie,269
Soccer Ball,270
Ceibo Flower,271
Edelweiss,272
Chamois Plushie,273
Panda Plushie,274
Jade Buddha,275
Peony,276
Cherry Blossom,277
Kabuki Mask,278
Maneki Neko,279
Elephant Statue,280
Lion Plushie,281
African Violet,282
Donator Pack,283
Bronze Paint Brush,284
Silver Paint Brush,285
Gold Paint Brush,286
Pand0ra's Box,287
Mr Brownstone Doll,288
Dual Axes,289
Dual Hammers,290
Dual Scimitars,291
Dual Samurai Swords,292
Japanese/English Dictionary,293
Bottle of Sake,294
Oriental Log,295
Oriental Log Translation,296
YouYou Yo Yo,297
Monkey Cuffs,298
Jester's Cap,299
Gibal's Dragonfly,300
Green Ornament,301
Purple Ornament,302
Blue Ornament,303
Purple Bell,304
Mistletoe,305
Mini Sleigh,306
Snowman,307
Christmas Gnome,308
Gingerbread House,309
Lollipop,310
Mardi Gras Beads,311
Devil Toy,312
Cookie Launcher,313
Cursed Moon Pendant,314
Apartment Blueprint,315
Semi-Detached House Blueprint,316
Detached House Blueprint,317
Beach House Blueprint,318
Chalet Blueprint,319
Villa Blueprint,320
Penthouse Blueprint,321
Mansion Blueprint,322
Ranch Blueprint,323
Palace Blueprint,324
Castle Blueprint,325
Printing Paper,326
Blank Casino Chips,327
PVC Cards,328
Skateboard,329
Boxing Gloves,330
Dumbbells,331
Combat Vest,332
Liquid Body Armor,333
Flexible Body Armor,334
Stick of Dynamite,335
Cesium-137,336
Dirty Bomb,337
Sh0rty's Surfboard,338
Puzzle Piece,339
Hunny Pot,340
Seductive Stethoscope,341
Dollar Bill,342
Backstage Pass,343
Chemi's Magic Potion,344
Pack of Trojans,345
Pair of High Heels,346
Thong,347
Hazmat Suit,348
Flea Collar,349
Dunkin's Donut,350
Amazon Doll,351
BBQ Smoker,352
Bag of Cheetos,353
Motorbike,354
Citrus Squeezer,355
Superman Shades,356
Kevlar Helmet,357
Raw Ivory,358
Fine Chisel,359
Ivory Walking Cane,360
Neumune Tablet,361
Mr Torn Crown '08,362
Ms Torn Crown '08,363
Box of Grenades,364
Box of Medical Supplies,365
Erotic DVD,366
Feathery Hotel Coupon,367
Lawyer's Business Card,368
Lottery Voucher,369
Drug Pack,370
Dark Doll,371
Empty Box,372
Parcel,373
Birthday Present,374
Present,375
Christmas Present,376
Birthday Wrapping Paper,377
Generic Wrapping Paper,378
Christmas Wrapping Paper,379
Small Explosive Device,380
Gold Laptop,381
Gold Plated AK-47,382
Digital Organizer,383
Camel Plushie,384
Tribulus Omanense,385
Sports Sneakers,386
Handbag,387
Pink Mac-10,388
Mr Torn Crown '09,389
Ms Torn Crown '09,390
Macana,391
Pepper Spray,392
Slingshot,393
Brick,394
Metal Nunchaku,395
Business Class Ticket,396
Flail,397
SIG 552,398
ArmaLite M-15A4,399
Guandao,400
Lead Pipe,401
Ice Pick,402
Box of Tissues,403
Bandana,404
Loaf of Bread,405
Afro Comb,406
Compass,407
Sextant,408
Yucca Plant,409
Fire Hydrant,410
Model Space Ship,411
Sports Shades,412
Mountie Hat,413
Proda Sunglasses,414
Ship in a Bottle,415
Paper Weight,416
RS232 Cable,417
Tailor's Dummy,418
Small Suitcase,419
Medium Suitcase,420
Large Suitcase,421
Vanity Hand Mirror,422
Poker Chip,423
Rabbit Foot,424
Voodoo Doll,425
Bottle of Tequila,426
Sumo Doll,427
Casino Pass,428
Chopsticks,429
Coconut Bra,430
Dart Board,431
Crazy Straw,432
Sensu,433
Yakitori Lantern,434
Dozen White Roses,435
Snowboard,436
Glow Stick,437
Cricket Bat,438
Frying Pan,439
Pillow,440
Khinkeh P0rnStar Doll,441
Blow-Up Doll,442
Strawberry Milkshake,443
Breadfan Doll,444
Chaos Man,445
Karate Man,446
Burmese Flag,447
Bl0ndie's Dictionary,448
Hydroponic Grow Tent,449
Leopard Coin,450
Florin Coin,451
Gold Noble Coin,452
Ganesha Sculpture,453
Vairocana Buddha Sculpture,454
Quran Script : Ibn Masud,455
Quran Script : Ubay Ibn Ka'b,456
Quran Script : Ali,457
Shabti Sculpture,458
Egyptian Amulet,459
White Senet Pawn,460
Black Senet Pawn,461
Senet Board,462
Epinephrine,463
Melatonin,464
Serotonin,465
Snow Globe '09,466
Dancing Santa Claus '09,467
Christmas Stocking '09,468
Santa's Elf '09,469
Christmas Card '09,470
Admin Portrait '09,471
Blue Easter Egg,472
Green Easter Egg,473
Red Easter Egg,474
Yellow Easter Egg,475
White Easter Egg,476
Black Easter Egg,477
Gold Easter Egg,478
Metal Dog Tag,479
Bronze Dog Tag,480
Silver Dog Tag,481
Gold Dog Tag,482
MP5k,483
AK74U,484
Skorpion,485
TMP,486
Thompson,487
MP 40,488
Luger,489
Blunderbuss,490
Zombie Brain,491
Human Head,492
Medal of Honor,493
Limoen Saxon,494
Nano Pioneer,495
Vita Bravo,496
Zaibatsu Macro,497
Çagoutte 10-6,498
Papani Colé,499
Bedford Racer,500
Stålhög 860,501
Alpha Milano 156,502
Bavaria X5,503
Coche Basurero,504
Bedford Nova,505
Verpestung Sport,506
Echo S3,507
Volt RS,508
Edomondo S2,509
Nano Cavalier,510
Colina Tanprice,511
Cosmos EX,512
Yotsuhada EVX,513
Sturmfahrt 111,514
Tsubasa Impressor,515
Wington GGU,516
Weston Marlin 177,517
Echo R8,518
Stormatti Casteon,519
Lolo 458,520
Lambrini Torobravo,521
Veloria LFA,522
Mercia SLR,523
Zaibatsu GT-R,524
Mr Torn Crown '10,525
Ms Torn Crown '10,526
Bag of Candy Kisses,527
Bag of Tootsie Rolls,528
Bag of Chocolate Truffles,529
Can of Munster,530
Bottle of Pumpkin Brew,531
Can of Red Cow,532
Can of Taurine Elite,533
Witch's Cauldron,534
Electronic Pumpkin,535
Jack O'Lantern Lamp,536
Spooky Paper Weight,537
Medieval Helmet,538
Blood Spattered Sickle,539
Cauldron,540
Bottle of Stinky Swamp Punch,541
Bottle of Wicked Witch,542
Deputy Star,543
Windproof Lighter,544
Dual TMPs,545
Dual Bushmasters,546
Dual MP5s,547
Dual P90s,548
Dual Uzis,549
Bottle of Kandy Kane,550
Bottle of Minty Mayhem,551
Bottle of Mistletoe Madness,552
Can of Santa Shooters,553
Can of Rockstar Rudolph,554
Can of X-MASS,555
Bag of Reindeer Droppings,556
Advent Calendar,557
Santa's Snot,558
Polar Bear Toy,559
Fruitcake,560
Book of Carols,561
Sweater,562
Gift Card,563
Glasses,564
High-Speed Drive,565
Mountain Bike,566
Cut-Throat Razor,567
Jemmy,568
Balaclava,569
Advanced Driving Manual,570
Ergonomic Keyboard,571
Tracking Device,572
Screwdriver,573
Fanny Pack,574
Tumble Dryer,575
Chloroform,576
Heavy Duty Padlock,577
Duct Tape,578
Wireless Dongle,579
Horse's Head,580
Book,581
Tin Foil Hat,582
Brown Easter Egg,583
Orange Easter Egg,584
Pink Easter Egg,585
Jawbreaker,586
Bag of Sherbet,587
Goodie Bag,588
Undefined,589
Undefined 2,590
Undefined 3,591
Undefined 4,592
Mr Torn Crown '11,593
Ms Torn Crown '11,594
Pile of Vomit,595
Rusty Dog Tag,596
Gold Nugget,597
Witch's Hat,598
Golden Broomstick,599
Devil's Pitchfork,600
Christmas Lights,601
Gingerbread Man,602
Golden Wreath,603
Pair of Ice Skates,604
Diamond Icicle,605
Santa Boots,606
Santa Gloves,607
Santa Hat,608
Santa Jacket,609
Santa Trousers,610
Snowball,611
Tavor TAR-21,612
Harpoon,613
Diamond Bladed Knife,614
Naval Cutlass,615
Trout,616
Banana Orchid,617
Stingray Plushie,618
Steel Drum,619
Nodding Turtle,620
Snorkel,621
Flippers,622
Speedo,623
Bikini,624
Wetsuit,625
Diving Gloves,626
Dog Poop,627
Stink Bombs,628
Toilet Paper,629
Mr Torn Crown '12,630
Ms Torn Crown '12,631
Petrified Humerus,632
Latex Gloves,633
Bag of Bloody Eyeballs,634
Straitjacket,635
Cinnamon Decoration,636
Christmas Express,637
Bottle of Christmas Cocktail,638
Golden Candy Cane,639
Kevlar Gloves,640
WWII Helmet,641
Motorcycle Helmet,642
Construction Helmet,643
Welding Helmet,644
Safety Boots,645
Hiking Boots,646
Leather Helmet,647
Leather Pants,648
Leather Boots,649
Leather Gloves,650
Combat Helmet,651
Combat Pants,652
Combat Boots,653
Combat Gloves,654
Riot Helmet,655
Riot Body,656
Riot Pants,657
Riot Boots,658
Riot Gloves,659
Dune Helmet,660
Dune Vest,661
Dune Pants,662
Dune Boots,663
Dune Gloves,664
Assault Helmet,665
Assault Body,666
Assault Pants,667
Assault Boots,668
Assault Gloves,669
Delta Gas Mask,670
Delta Body,671
Delta Pants,672
Delta Boots,673
Delta Gloves,674
Marauder Face Mask,675
Marauder Body,676
Marauder Pants,677
Marauder Boots,678
Marauder Gloves,679
EOD Helmet,680
EOD Apron,681
EOD Pants,682
EOD Boots,683
EOD Gloves,684
Torn Bible,685
Friendly Bot Guide,686
Egotistical Bear,687
Brewery Key,688
Signed Jersey,689
Mafia Kit,690
Octopus Toy,691
Bear Skin Rug,692
Tractor Toy,693
Mr Torn Crown '13,694
Ms Torn Crown '13,695
Piece of Cake '13,696
Rotten Eggs,697
Peg Leg,698
Antidote,699
Christmas Angel,700
Eggnog,701
Sprig of Holly,702
Festive Socks,703
Respo Hoodie,704
Staff Haxx Button,705
Birthday Cake '14,706
Lump of Coal,707
Gold Rosette,708
Silver Rosette,709
Bronze Rosette,710
Coin : Factions,711
Coin : Casino,712
Coin : Education,713
Coin : Hospital,714
Coin : Jail,715
Coin : Travel Agency,716
Coin : Companies,717
Coin : Stock Exchange,718
Coin : Church,719
Coin : Auction House,720
Coin : Race Track,721
Coin : Museum,722
Coin : Drugs,723
Coin : Dump,724
Coin : Estate Agents,725
Scrooge's Top Hat,726
Scrooge's Topcoat,727
Scrooge's Trousers,728
Scrooge's Boots,729
Scrooge's Gloves,730
Empty Blood Bag,731
Blood Bag : A+,732
Blood Bag : A-,733
Blood Bag : B+,734
Blood Bag : B-,735
Blood Bag : AB+,736
Blood Bag : AB-,737
Blood Bag : O+,738
Blood Bag : O-,739
Mr Torn Crown,740
Ms Torn Crown,741
Molotov Cocktail,742
Christmas Sweater '15,743
Book : Brawn Over Brains,744
Book : Time Is In The Mind,745
Book : Keeping Your Face Handsome,746
Book : A Job For Your Hands,747
Book : Working 9 Til 5,748
"Book : Making Friends, Enemies, And Cakes",749
Book : High School For Adults,750
Book : Milk Yourself Sober,751
Book : Fight Like An Asshole,752
Book : Mind Over Matter,753
Book : No Shame No Pain,754
Book : Run Like The Wind,755
Book : Weaseling Out Of Trouble,756
Book : Get Hard Or Go Home,757
Book : Gym Grunting - Shouting To Success,758
Book : Self Defense In The Workplace,759
Book : Speed 3 - The Rejected Script,760
Book : Limbo Lovers 101,761
Book : The Hamburglar's Guide To Crime,762
Book : What Are Old Folk Good For Anyway?,763
Book : Medical Degree Schmedical Degree,764
Book : No More Soap On A Rope,765
Book : Mailing Yourself Abroad,766
Book : Smuggling For Beginners,767
Book : Stealthy Stealing of Underwear,768
Book : Shawshank Sure Ain't For Me!,769
Book : Ignorance Is Bliss,770
Book : Winking To Win,771
Book : Finders Keepers,772
Book : Hot Turkey,773
"Book : Higher Daddy, Higher!",774
Book : The Real Dutch Courage,775
Book : Because I'm Happy - The Pharrell Story,776
Book : No More Sick Days,777
Book : Duke - My Story,778
Book : Self Control Is For Losers,779
Book : Going Back For More,780
Book : Get Drunk And Lose Dignity,781
Book : Fuelling Your Way To Failure,782
Book : Yes Please Diabetes,783
Book : Ugly Energy,784
Book : Memories And Mammaries,785
Book : Brown-nosing The Boss,786
Book : Running Away From Trouble,787
Certificate of Awesome,788
Certificate of Lame,789
Plastic Sword,790
Mediocre T-Shirt,791
Penelope,792
Cake Frosting,793
Lock Picking Kit,794
Special Fruitcake,795
Felovax,796
Zylkene,797
Duke's Safe,798
Duke's Selfies,799
Duke's Poetry,800
Duke's Dog's Ashes,801
Duke's Will,802
Duke's Gimp Mask,803
Duke's Herpes Medication,804
Duke's Hammer,805
Old Lady Mask,806
Exotic Gentleman Mask,807
Ginger Kid Mask,808
Young Lady Mask,809
Moustache Man Mask,810
Scarred Man Mask,811
Psycho Clown Mask,812
Nun Mask,813
Tyrosine,814
Keg of Beer,815
Glass of Beer,816
Six-Pack of Alcohol,817
Six-Pack of Energy Drink,818
Rosary Beads,819
Piggy Bank,820
Empty Vial,821
Vial of Blood,822
Vial of Urine,823
Vial of Saliva,824
Questionnaire,825
Agreement,826
Perceptron : Calibrator,827
Donald Trump Mask '16,828
Yellow Snowman '16,829
Nock Gun,830
Beretta Pico,831
Riding Crop,832
Sand,833
Sweatpants,834
String Vest,835
Black Oxfords,836
Rheinmetall MG 3,837
Homemade Pocket Shotgun,838
Madball,839
Nail Bomb,840
Classic Fedora,841
Pinstripe Suit Trousers,842
Duster,843
Tranquilizer Gun,844
Bolt Gun,845
Scalpel,846
Nerve Gas,847
Kevlar Lab Coat,848
Loupes,849
Sledgehammer,850
Wifebeater,851
Metal Detector,852
Cemetery Key,853
Questionnaire : Completed,854
Agreement : Signed,855
Spray Paint : Black,856
Spray Paint : Red,857
Spray Paint : Pink,858
Spray Paint : Purple,859
Spray Paint : Blue,860
Spray Paint : Green,861
Spray Paint : White,862
Spray Paint : Orange,863
Salt Shaker,864
Poison Mistletoe,865
Santa's List '17,866
Soapbox,867
Turkey Baster,868
Elon Musk Mask '17,869
Love Juice,870
Bug Swatter,871
Nothing,872
Bottle of Green Stout,873
Prototype,874
Rotten Apple,875
Festering Chicken,876
Moldy Pizza,877
Smelly Cheese,878
Sour Milk,879
Stale Bread,880
Spoiled Fish,881
Insurance Policy,882
Bank Statement,883
Car Battery,884
Scrap Metal,885
Torn City Times,886
Magazine,887
Umbrella,888
Travel Mug,889
Headphones,890
Mix CD,892
Lost and Found Office Key,893
Cosmetics Case,894
Phone Card,895
Subway Pass,896
Bottle Cap,897
Silver Coin,898
Silver Bead,899
Lucky Quarter,900
Daffodil,901
Bunch of Carnations,902
White Lily,903
Funeral Wreath,904
Car Keys,905
Handkerchief,906
Candle,907
Paper Bag,908
Tin Can,909
Betting Slip,910
Fidget Spinner,911
Majestic Moose,912
Lego Wonder Woman,913
CR7 Doll,914
Stretch Armstrong Doll,915
Beef Femur,916
Snake's Fang,917
Icey Igloo,918
Federal Jail Key,919
Halloween Basket : Spooky,920
Michael Myers Mask '18,921
Toast Jesus '18,922
Cheesus '18,923
Bottle of Christmas Spirit,924
Scammer in the Slammer '18,925
Gronch Mask '18,926
Baseball Cap,927
Bermudas,928
Blouse,929
Boob Tube,930
Bush Hat,931
Camisole,932
Capri Pants,933
Cardigan,934
Cork Hat,935
Crop Top,936
Fisherman Hat,937
Gym Shorts,938
Halterneck,939
Raincoat,940
Pantyhose,941
Pencil Skirt,942
Peplum Top,943
Polo Shirt,944
Poncho,945
Puffer Vest,946
Mackintosh,947
Shorts,948
Skirt,949
Travel Socks,950
Turtleneck,951
Yoga Pants,952
Bronze Racing Trophy,953
Silver Racing Trophy,954
Gold Racing Trophy,955
Blank DVDs,956
Blank DVDs : 50,957
Chest Harness,958
Choker,959
Fishnet Stockings,960
Knee-high Boots,961
Lingerie,962
Mankini,963
Mini Skirt,964
Nipple Tassels,965
Bowler Hat,966
Fitted Shirt,967
Bow Tie,968
Neck Tie,969
Waistcoat,970
Blazer,971
Suit Trousers,972
Derby Shoes,973
Smoking Jacket,974
Monocle,975
Bronze Microphone,976
Silver Microphone,977
Gold Microphone,978
Paint Mask,979
Ladder,980
Wire Cutters,981
Ripped Jeans,982
Bandit Mask,983
Bottle of Moonshine,984
Can of Goose Juice,985
Can of Damp Valley,986
Can of Crocozade,987
Fur Coat,988
Fur Scarf,989
Fur Hat,990
Platform Shoes,991
Silver Flats,992
Crystal Bracelet,993
Cocktail Ring,994
Sun Hat,995
Square Sunglasses,996
Statement Necklace,997
Floral Dress,998
Shrug,1001
Eye Patch,1002
Halloween Basket : Creepy,1003
Halloween Basket : Freaky,1004
Halloween Basket : Frightful,1005
Halloween Basket : Haunting,1006
Halloween Basket : Shocking,1007
Halloween Basket : Terrifying,1008
Halloween Basket : Horrifying,1009
Halloween Basket : Petrifying,1010
Halloween Basket : Nightmarish,1011
Blood Bag : Irradiated,1012
Jigsaw Mask '19,1013
Reading Glasses,1014
Chinos,1015
Collared Shawl,1016
Pleated Skirt,1017
Flip Flops,1018
Bingo Visor,1019
Cover-ups,1020
Sandals,1021
Golf Socks,1022
Flat Cap,1023
Slippers,1024
Bathrobe,1025
Party Hat '19,1026
Badge : 15th Anniversary,1027
Birthday Cupcake,1028
Strippogram Voucher,1029
Dong : Thomas,1030
Dong : Greg,1031
Dong : Effy,1032
Dong : Holly,1033
Dong : Jeremy,1034
Anniversary Present,1035
Greta Mask '19,1036
Anatoly Mask '19,1037
Santa Beard,1038
Bag of Humbugs,1039
Christmas Cracker,1040
Special Snowflake,1041
Concussion Grenade,1042
Paper Crown : Green,1043
Paper Crown : Yellow,1044
Paper Crown : Red,1045
Paper Crown : Blue,1046
Denim Shirt,1047
Denim Vest,1048
Denim Jacket,1049
Denim Jeans,1050
Denim Shoes,1051
Denim Cap,1052
Bread Knife,1053
Semtex,1054
Poison Umbrella,1055
Millwall Brick,1056
Gentleman Cache,1057
Gold Chain,1058
Snapback Hat,1059
Saggy Pants,1060
Oversized Shirt,1061
Basketball Shirt,1062
Parachute Pants,1063
Tube Dress,1064
Gold Sneakers,1065
Shutter Shades,1066
Silver Hoodie,1067
Bucket Hat,1068
Puffer Jacket,1069
Durag,1070
Onesie,1071
Baseball Jacket,1072
Braces,1073
Panama Hat,1074
Pipe,1075
Shoulder Sweater,1076
Sports Jacket,1077
Old Wallet,1078
Cardholder,1079
Billfold,1080
Coin Purse,1081
Zip Wallet,1082
Clutch,1083
Credit Card,1084
Lipstick,1085
Driver's License,1086
Tampon,1087
Receipt,1088
Family Photo,1089
Lint,1090
Handcuffs,1091
Lubricant,1092
Hit Contract,1093
Syringe,1094
Spoon,1095
Cell Phone,1096
Assless Chaps,1097
Opera Gloves,1098
Booty Shorts,1099
Collar,1100
Ball Gag,1101
Blindfold,1102
Maid Uniform,1103
Maid Hat,1104
Ball Gown,1105
Fascinator Hat,1106
Wedding Dress,1107
Wedding Veil,1108
Head Scarf,1109
Nightgown,1110
Pullover,1111
Elegant Cache,1112
Naughty Cache,1113
Elderly Cache,1114
Denim Cache,1115
Wannabe Cache,1116
Cutesy Cache,1117
Armor Cache,1118
Melee Cache,1119
Small Arms Cache,1120
Medium Arms Cache,1121
Heavy Arms Cache,1122
Spy Camera,1123
Card Programmer,1124
Card Skimmer,1125
Tutu,1126
Knee Socks,1127
Kitty Shoes,1128
Cat Ears,1129
Bunny Ears,1130
Puppy Ears,1131
Heart Sunglasses,1132
Hair Bow,1133
Lolita Dress,1134
Unicorn Horn,1135
Check Skirt,1136
Polka Dot Dress,1137
Ballet Shoes,1138
Dungarees,1139
Tights,1140
Pennywise Mask '20,1141
Tiger King Mask '20,1142
Disposable Mask,1143
Chin Diaper,1144
Tighty Whities,1145
Tangerine,1146
Helmet of Justice,1147
Broken Bauble,1148
Purple Easter Egg,1149
Ski Mask,1150
Bunny Nose,1151
SMAW Launcher,1152
China Lake,1153
Milkor MGL,1154
PKM,1155
Negev NG-5,1156
Stoner 96,1157
Meat Hook,1158
Cleaver,1159
M'aol Visage,1164
M'aol Spathe,1165
M'aol Britches,1166
M'aol Hooves,1167
M'aol Clawshields,1168
M'aol Wings,1169
Ladso Eye,1170
M'aol Tentacle,1171
Sylo Tooth,1172
Crystalline Falcata,1173
Starshield Breastplate,1174
Stygian Darkness,1175
Greater Arca Fortunae,1176
Sandworm Mask '21,1177
Party Popper,1178
Eye Bleach,1179
Prince Philip Mask '21,1180
Krampus Mask '21,1181
Head Bandage,1182
Medical Eye Patch,1183
Knee Brace,1184
Band-Aids,1185
Torso Bandage,1186
Prosthetic Arm,1187
Prosthetic Leg,1188
Formaldehyde,1189
Hook Hand,1190
Plaster Cast Leg,1191
Plaster Cast Arm,1192
Neck Brace,1193
Halo Vest,1194
Crutches,1195
Medical Diaper,1196
Hospital Gown,1197
Sticky Notes,1198
Casket,1199
Nitrous Tank,1200
Rope,1201
Window Breaker,1202
Lockpicks,1203
Skeleton Key,1204
Wrench,1205
Truck Nuts,1206
Thimble,1207
Beach Ball,1208
Hunting Trophy,1209
Hoe,1210
Fishing Rod,1211
Bleach,1212
Lye,1213
Towel,1214
Scissors,1215
Clippers,1216
Shaving Foam,1217
Oxygen Tank,1219
Massage Oil,1220
Jigsaw Puzzle,1221
Picture Frame,1222
Cigar Cutter,1223
Ash Tray,1224
Bowling Trophy,1225
Fertilizer,1226
Igniter Cord,1227
Bond Paper,1228
Remote Detonator,1230
Golf Club,1231
Garden Gnome,1232
Wheelbarrow,1233
Shovel,1234
Blanket,1235
Crockpot,1236
Plunger,1237
Silver Cutlery Set,1238
Stash Box,1239
Perfume,1240
Croquet Set,1241
Horseshoe,1242
Persian Rug,1243
Typewriter,1244
Chandelier,1245
Inkwell,1246
Bull Semen,1247
Ammonia,1248
Hydrochloric Acid,1249
Anchor,1250
Boat Engine,1251
Brass Ingot,1252
Tractor Part,1253
Tire,1254
Bone Saw,1255
Machine Part,1256
Cattle Prod,1257
Binoculars,1258
Razor Wire,1259
Stamp Collection,1260
Bucket,1261
Urea,1262
Phosphorus,1263
Potassium Nitrate,1264
Grain,1265
Shampoo,1266
Detergent,1267
Vitamins,1268
Cough Syrup,1269
Paper Towels,1270
Pepper Mill,1271
Toothbrush,1272
Toothpaste,1273
Mouthwash,1274
Mop,1275
Broom,1276
Floor Cleaner,1277
Model Spine,1278
Massage Table,1279
Scalp Massager,1280
Dentures,1281
Gold Tooth,1282
Bleaching Tray,1283
Dental Mirror,1284
Paperclips,1285
Stapler,1286
Hole Punch,1287
Notepad,1288
Permanent Marker,1289
Toner,1290
Bloody Apron,1291
Bone,1292
Injury Cache,1293
Glitter Bomb,1294
Hell Priest Mask '22,1295
Ban Hammer,1296
Donkey Adoption Certificate,1297
Tin of Treats,1298
Queen Elizabeth II Mask '22,1299
eCPU,1300
CPU,1301
HPCPU,1302
Computer Fan,1303
Water Block,1304
Heat Sink,1305
PSU,1306
Sentinel Helmet,1307
Sentinel Apron,1308
Sentinel Pants,1309
Sentinel Boots,1310
Sentinel Gloves,1311
Chocolate Egg,1312
Cassock,1313
Embosser,1314
Hot Foil Stamper,1315
Sewing Kit,1316
Crucible,1317
Glue,1318
Crushed Enamel,1319
Blowtorch,1320
Adhesive Plastic,1321
Cardstock,1322
Royal Tiara,1323
Rhino’s Horn,1324
Welding Jacket,1325
Iron Man Helmet,1326
Printer,1327
Graver,1328
Perforator,1329
Fountain Pen,1330
Hand Drill,1331
Wax Seal Stamp,1332
Bonded Latex,1333
Grinding Stone,1334
Parking Permit,1335
Birth Certificate,1336
Diploma,1337
Polishing Pad,1338
Bank Check,1339
Double Cut File,1340
Concert Ticket,1341
Travel Visa,1342
Passport,1343
Medical Bill,1344
Prescription,1345
Magnifying Glass,1346
Certificate Seal,1347
Aluminum Plate,1348
License Plate,1349
Police Badge,1350
Flashlight,1351
Collectible Cache,1352
Megaphone,1353
Office Chair,1354
Vanguard Respirator,1355
Vanguard Body,1356
Vanguard Pants,1357
Vanguard Boots,1358
Vanguard Gloves,1359
Evil Winnie Mask '23,1360
Dog Treats,1361
Net,1362
Ipecac Syrup,1363
Yorkshire Pudding,1364
Chemistry Set,1365
Glitter Pickle,1366
Turkey Head '23,1367
Rudolph's Nose,1368
Reindeer Antlers,1369
Chakra Stones,1370
Toy Taco Truck,1371
Blacklight,1372
Robot Bug Toys,1373
Master of The Universe,1374
Dilly the Dachshund,1375
Cuticorn,1376
Davy Jones' Footlocker,1377
Origami Crane,1378
ATM Key,1379
RF Detector,1380
ID Badge,1381
Lanyard,1382
DSLR Camera,1383
Dyno Sac,1384
Nol Cloachra,1385
Asmol Knuckle,1386
Andyman's Keepsake,1387
Baldr's Keepsake,1388
CRLF's Keepsake,1389
Proxima's Keepsake,1390
mug's Keepsake,1391
BambinaDuckie's Keepsake,1392
bogie's Keepsake,1393
Evil-Duck's Keepsake,1394
D3vl's Keepsake,1395
MarlonBrando's Keepsake,1396
Champion's Keepsake,1397
Sweeney_Todd's Keepsake,1398
YoungBlaze's Keepsake,1399
IceColdCola's Keepsake,1400
Z_junior's Keepsake,1401
BodyBagger's Keepsake,1402
King_Ace's Keepsake,1403
Deft's Keepsake,1404
RGiskard's Keepsake,1405
Hank's Keepsake,1406
HT-Supermikk's Keepsake,1407
someone's Keepsake,1408
CockyNudist's Keepsake,1409
Rosie's Keepsake,1410
Data's Keepsake,1411
Astral's Keepsake,1412
Stormcast's Keepsake,1413
JamilB's Keepsake,1414
Kivou's Keepsake,1415
DeKleineKobini's Keepsake,1416
IceBlueFire's Keepsake,1417
Mauk's Keepsake,1418
Mephiles' Keepsake,1419
Manuito's Keepsake,1420
Ara's Keepsake,1421
Body's Keepsake,1422
aurigus' Keepsake,1423
Quacks' Keepsake,1424
Aethwynn's Keepsake,1425
-Clansdancer's Keepsake,1426
LeukyBear's Keepsake,1427
is0lati0n's Keepsake,1428
Zip Ties,1429
Shaped Charge,1430
Core Drill,1431
Halloween Basket : Apocalyptic,1448
Hannibal Mask '24,1449
Devil Horns,1450
Caganer Figurine,1451
Kevin McCallister Mask '24,1452
Oversized Christmas Sweater,1453
Las Vegas Shot Glass '23,1454
New Orleans Shot Glass '24,1455
Bolas,1456
Kerosene,1457
Diesel,1458
Hydrogen Tank,1459
Methane Tank,1460
Thermite,1461
Magnesium Shavings,1462
Fire Extinguisher,1463
Mermaid Tiara,1464
Cluster Ring,1465
Lighter,1466
Withered M'aol Tentacle,1467
Withered Ladso Eye,1468
Withered Sylo Tooth,1469
Withered Dyno Sac,1470
Withered Nol Cloachra,1471
Withered Asmol Knuckle,1472
Chicago Shot Glass '25,1473
Lesser Arca Fortunae,1474
Scream Mask '25,1475
Kelsie's Keepsake,1476
Ana's Keepsake,1477
Midknight's Keepsake,1478
Evaline's Keepsake,1479
Omanpx's Keepsake,1480
Locked's Keepsake,1481
Bearer Bond,1482
Insulin,1483
Bear Gall,1484
Shark Fin,1485
Turtle Shell,1486
Patagonian Fossil,1487
Meteorite Fragment,1488
Ephedrine Powder,1489
Safrole Oil,1490
Ergotamine Ampoule,1491
Counterfeit Manga,1492
Whale Meat,1493
Pangolin Scales,1494
Ambergris Lump,1495
Natural Pearls,1496
Uncut Diamonds,1497
Tiger Bone Powder,1498
Obsidian Point,1499
Quartzite Point,1500
Chert Point,1501
Basalt Point,1502
Chalcedony Point,1503
Quartz Point,1504
Evil Christmas Gonk,1505
Copium Inhaler,1506
Snowman Mask '25,1507
